<pkgref spec="1.12" uuid="F3421913-4E3F-4988-9110-0E666EDA59E4"><config><identifier>com.embedthis.goahead.contents.pkg</identifier><version>1.0</version><description></description><post-install type="none"/><requireAuthorization/><installFrom relative="true">${settings.product}-${settings.version}-${settings.buildNumber}/contents</installFrom><installTo>/</installTo><flags><followSymbolicLinks/></flags><packageStore type="internal"></packageStore><mod>installTo</mod><mod>scripts.postflight.path</mod><mod>scripts.scriptsDirectoryPath.path</mod><mod>scripts.postflight.isRelativeType</mod><mod>scripts.scriptsDirectoryPath.isRelativeType</mod><mod>parent</mod><mod>installFrom.isRelativeType</mod></config><scripts><postflight relative="true" mod="true">scripts/postflight</postflight><scripts-dir relative="true" mod="true">scripts</scripts-dir></scripts></pkgref>