<pkmkdoc spec="1.12"><properties><title>GoAhead</title><build>../../releases/appweb.mpkg</build><organization>com.embedthis</organization><userSees ui="easy"/><min-target os="2"/><domain system="true"/></properties><distribution><versions min-spec="1.000000"/><scripts></scripts></distribution><contents><choice title="goahead" id="choice0" starts_selected="true" starts_enabled="true" starts_hidden="false"><pkgref id="com.embedthis.goahead.contents.pkg"/></choice></contents><resources bg-scale="none" bg-align="bottomleft"><locale lang="en"><resource relative="true" mod="true" type="background">background.png</resource><resource relative="true" mod="true" type="license">license.rtf</resource><resource relative="true" mod="true" type="readme">readme.rtf</resource><resource mime-type="text/rtf" kind="embedded" type="welcome"><![CDATA[{\rtf1\ansi\ansicpg1252\cocoartf1187\cocoasubrtf370
{\fonttbl\f0\fnil\fcharset0 LucidaGrande;}
{\colortbl;\red255\green255\blue255;}
\pard\tx560\tx1120\tx1680\tx2240\tx2800\tx3360\tx3920\tx4480\tx5040\tx5600\tx6160\tx6720\pardirnatural

\f0\fs26 \cf0 \
GoAhead is the most popular embedded web server. \
\
GoAhead is fast, compact and simple to embed. It is deployed in hundreds of millions of devices and is ideal for all kinds of embedded devices and applications.}]]></resource><resource mime-type="text/rtf" kind="embedded" type="conclusion"><![CDATA[{\rtf1\ansi\ansicpg1252\cocoartf1187\cocoasubrtf370
{\fonttbl\f0\fnil\fcharset0 LucidaGrande;}
{\colortbl;\red255\green255\blue255;}
\pard\tx560\tx1120\tx1680\tx2240\tx2800\tx3360\tx3920\tx4480\tx5040\tx5600\tx6160\tx6720\pardirnatural

\f0\fs26 \cf0 GoAhead is installed at:\
\
    /usr/local/lib/goahead\
\
The binary is linked to:\
\
    /usr/local/bin/goahead\
\
GoAhead can be run via:\
   \
    cd /etc/goahead\
    sudo goahead -v /var/www/goahead-default\
\
GoAhead documentation is at:\
\
    http://embedthis.com/products/goahead/doc/\
\
}]]></resource></locale></resources><flags/><extra-files/><item type="file">01contents.xml</item><mod>properties.systemDomain</mod><mod>properties.title</mod><mod>properties.customizeOption</mod><mod>properties.anywhereDomain</mod><mod>extraFiles</mod></pkmkdoc>